Local,Preu,Direcció,Districte,Coordenades,Link,Data
Bar Llusia,"2,00 €","C/ d'Andrade, 53, Sant Martí, 08018 Barcelona",Sant Martí,"41.41251743900398, 2.196292690460221",https://www.google.com/maps/place/Bar+Llusia/data=!4m2!3m1!19sChIJ_eRIUTCjpBIRhgsDzO-w9Pg,3/11/23
El Café de Santi,"2,10 €","Rambla de l'Onze de Setembre, 40, Sant Andreu, 08030 Barcelona",Sant Andreu,"41.42985344644889, 2.193865897127358",https://www.google.com/maps/place/El+Caf%C3%A9+de+Santi/data=!4m2!3m1!19sChIJBT1HdNC8pBIRb9_BCyOVdJI,3/11/23
Snooker,"3,50 €","C/ de Roger de Llúria, 42, L'Eixample, 08009 Barcelona",Eixample,"41.39211043659654, 2.1703972938656597",https://www.google.com/maps/place/Snooker/data=!4m2!3m1!19sChIJx4Umbe6ipBIR816ScIACqUk,4/11/23
Bar Lafuente,"2,30 €","Gran Via de les Corts Catalanes, 931, Sant Martí, 08018 Barcelona",Sant Martí,"41.41017465510055, 2.1950544363542326",https://www.google.com/maps/place/Bar+Lafuente/data=!4m2!3m1!19sChIJS4qSpTqjpBIR_I3iSSeIlbc,9/11/23
GENA'S Bar,"1,90 €","Carrer del Taquígraf Garriga, 193, Les Corts, 08029 Barcelona",Les Corts,"41.390634771304775, 2.140183309731352",https://www.google.com/maps/place/GENA'S+Bar/data=!4m2!3m1!19sChIJv1JZ93mYpBIRqD6gxyjdvVk,16/11/23
La Triunfal,"2,80 €","Pg. de St. Joan, 4, L'Eixample, 08010 Barcelona",Eixample,"41.39184711831014, 2.180088158895469",https://www.google.com/maps/place/La+Triunfal/data=!4m2!3m1!19sChIJMYlDdFSjpBIRhVjo8dGCGug,24/11/23
La Alcoba Azul - Tapas,"3,00 €","C/ de Salomó ben Adret, 14, Ciutat Vella, 08002 Barcelona",Ciutat Vella,"41.382894128546, 2.1755330502165413",https://www.google.com/maps/place/La+Alcoba+Azul+-+Tapas/data=!4m2!3m1!19sChIJ8dubNviipBIRfwWByME5Om0,2/12/23
Bar Marcel Santaló,"2,00 €","Carrer de Santaló, 42, Sarrià-Sant Gervasi, 08021 Barcelona",Sarrià-Sant Gervasi,"41.395997549197716, 2.145519016635264",https://www.google.com/maps/place/Bar+Marcel+Santal%C3%B3/data=!4m2!3m1!19sChIJUVsN-52ipBIR0PZ_Xtr0FRU,5/12/23
gastrocat,"2,50 €","Rda. de Sant Pere, 22, Eixample, 08010 Barcelona",Eixample,"41.389237877878564, 2.17399653189435",https://www.google.com/maps/place/gastrocat/data=!4m2!3m1!19sChIJgQ3-tNqjpBIRD5IHFwa59w8,5/12/23
Sidecar,"3,80 €","Pl. Reial, 7, Ciutat Vella, 08002 Barcelona",Ciutat Vella,"41.380575657524695, 2.1751711194223",https://www.google.com/maps/place/Sidecar/data=!4m2!3m1!19sChIJaygJ41eipBIR_jably1jh5o,9/12/23
Il café di Donatto,"2,10 €","Carrer de Miquel Ferrà, 3, Nou Barris, 08031 Barcelona",Nou Barris,"41.43009699531158, 2.1734232718273057",https://www.google.com/maps/place/Il+caf%C3%A9+di+Donatto/data=!4m2!3m1!19sChIJz_WP68C9pBIR6oXn8hEKwxY,27/12/23
Pepa Tomate Gràcia,"3,30 €","Plaça Revolució de Setembre 1868, 17, Gràcia, 08012 Barcelona",Gràcia,"41.40241311304095, 2.158198713631431",https://www.google.com/maps/place/Pepa+Tomate+Gr%C3%A0cia/data=!4m2!3m1!19sChIJZ9fQvb2ipBIRyaZy8wUqRGQ,3/01/24
El Cafè d'en Víctor. Restaurante. Bar de tapas. Tapería.,"2,75 €","Carrer de la Tapineria, 12, Ciutat Vella, 08002 Barcelona",Ciutat Vella,"41.38475498867363, 2.1767228472593008",https://www.google.com/maps/place/El+Caf%C3%A8+d'en+V%C3%ADctor.+Restaurante.+Bar+de+tapas.+Taper%C3%ADa./data=!4m2!3m1!19sChIJOTaum_mipBIR-75RlLusOKo,5/01/24
Santa Maria del Mar,"3,55 €","Plaça de Santa Maria, 4, Ciutat Vella, 08003 Barcelona",Ciutat Vella,"41.38330567804903, 2.1820107079154383",https://maps.app.goo.gl/fMLV3TvBqnaELZvH7,5/01/24
Resturante Ramen,"2,20 €","Carrer de Torroella de Montgrí, 25, Sant Andreu, 08030 Barcelona",Sant Andreu,"41.4285260865383, 2.186296189023809",https://www.google.com/maps/place/Resturante+Ramen/data=!4m2!3m1!19sChIJRZwaxte8pBIRcwJo9F8xkuY,5/01/24
Restaurante América,"2,30 €","C/ de l'Escorial, 106, Gràcia, 08024 Barcelona",Gràcia,"41.408721235651825, 2.160155934475473",https://www.google.com/maps/place/Restaurante+Am%C3%A9rica/data=!4m2!3m1!19sChIJbzFygrmipBIRbQIKy_kgTb8,8/01/24
Moreno Bar Tapas,"2,10 €","Av. de la Mare de Déu de Montserrat, 257, Horta-Guinardó, 08041 Barcelona",Horta-Guinardó,"41.42408882230496, 2.175749463010626",https://www.google.com/maps/place/Moreno+Bar+Tapas/data=!4m2!3m1!19sChIJe66PvS29pBIRJoWeMc6tTQY,10/01/24
4 Latas Letamendi,"2,90 €","C. d'Enric Granados, 6, L'Eixample, 08007 Barcelona",Eixample,"41.38848794630618, 2.161794523169726",https://www.google.com/maps/place/4+Latas+Letamendi/data=!4m2!3m1!19sChIJZQQ8tr2jpBIRDVzp-DvF4Ic,10/01/24
Com a Casa,"2,30 €","Carrer de Pere Terré i Domènech, 14, 16, Sant Andreu, 08027 Barcelona",Sant Andreu,"41.42588476209456, 2.191816385231935",https://www.google.com/maps/place/Com+a+Casa/data=!4m2!3m1!19sChIJLemAiNG8pBIRB6GPnlZnawc,11/01/24
El Carro Gros,"2,50 €","Plaça del Sortidor, 14, Sants-Montjuïc, 08004 Barcelona",Sants-Montjuïc,"41.372218220256784, 2.1626665014894755",https://www.google.com/maps/place/El+Carro+Gros/data=!4m2!3m1!19sChIJv5oktmeipBIRuLIku760LO8,12/01/24
Bar Restaurant Sofy,"2,20 €","C/ de Felip II, 271, Nou Barris, 08016 Barcelona",Nou Barris,"41.42851050021063, 2.1759701981642734",https://www.google.com/maps/place/Bar+Restaurant+Sofy/data=!4m2!3m1!19sChIJqfn3sy-9pBIRJ4AOs-st9qg,12/01/24
Espit Chupitos,"3,00 €","Carrer d'Aribau, 77, L'Eixample, 08032 Barcelona",Eixample,"41.38934760870726, 2.1578678009894148",https://www.google.com/maps/place/Espit+Chupitos/data=!4m2!3m1!19sChIJwUaKRY6ipBIRARUS6iUPjEk,13/01/24
Lido,"2,50 €","Gran Via de les Corts Catalanes, 560, L'Eixample, 08011 Barcelona",Eixample,"41.383495282854, 2.1609089795655083",https://www.google.com/maps/place/Lido/data=!4m2!3m1!19sChIJRX65youipBIRBwOD4oIZ8xU,13/01/24
Polaroid Bar,"2,50 €","Carrer dels Còdols, 29, Ciutat Vella, 08002 Barcelona",Ciutat Vella,"41.379330080396905, 2.1787408874629053",https://www.google.com/maps/place/Polaroid+Bar/data=!4m2!3m1!19sChIJqR1cclaipBIR0xLroXH4Pz0,14/01/24
Bar Bilbilis,"2,20 €","C. d'Antoni Costa, 24, Distrito de Nou Barris, 08016 Barcelona",Nou Barris,"41.43092165925054, 2.181871205789937",https://www.google.com/maps/place/Bar+Bilbilis/data=!4m2!3m1!19sChIJ55at1Ce9pBIRkZa9Qj_7Czc,16/01/24
Encanto,"2,20 €","C. de Cartellà, 17, Nou Barris, 08031 Barcelona",Nou Barris,"41.42714576765212, 2.1743145321251838",https://maps.app.goo.gl/o1LNrwT1ctuFEVCfA,20/01/24
Frankfurt Iberic,"2,05 €","Pg. de Fabra i Puig, 300, Nou Barris, 08031 Barcelona",Nou Barris,"41.43049711808951, 2.1710518834040227",https://maps.app.goo.gl/mYPiKcr2DxtirbS19,20/01/24
Lateral Consell de Cent,"4,00 €","C/ del Consell de Cent, 329, L'Eixample, 08007 Barcelona",Eixample,"41.38985151341556, 2.163829585587909",https://maps.app.goo.gl/RrKoN5kRGzaQhrRq7,23/01/24
Al Teu Gust,"2,20 €","C/ d'Alella, 5, 7, Distrito de Nou Barris, 08016 Barcelona",Nou Barris,"41.431354585682506, 2.1810001367905953",https://maps.app.goo.gl/cpHyqMTriFMrFMcd8,23/01/24
Terra Bar S C P,"3,40 €","Plaça de la Virreina, 5, Gràcia, 08024 Barcelona",Gràcia,"41.40494150771099, 2.1569772583484954",https://maps.app.goo.gl/a7VWNYNJfe6MRNfz8,25/01/24
Space Cowboy,"3,50 €","C/ dels Carders, 31, Ciutat Vella, 08003 Barcelona",Ciutat Vella,"41.386984398528234, 2.180284215136492",https://maps.app.goo.gl/siYjVnHqZqp7sjn68,26/01/24
Monopol,"2,60 €","Rambla del Poblenou, 74, Sant Martí, 08005 Barcelona",Sant Martí,"41.40125943479774, 2.2012318089568828",https://maps.app.goo.gl/WNN991mTibXUj6rv6,26/01/24
Dunne's Irish Bar and Restaurant,"3,00 €","Via Laietana, 19, Ciutat Vella, 08003 Barcelona",Ciutat Vella,"41.38365344910685, 2.1788453978382685",https://maps.app.goo.gl/vqQaFdrjVAVkExue6,27/01/24
V de Vermut,"3,00 €","Carrer de Manso, 1, Local 2, L'Eixample, 08015 Barcelona",Eixample,"41.37550241585035, 2.15864437833145",https://maps.app.goo.gl/88AY4sNzZERAKCD19,28/01/24
İstanbul parrilla,"2,20 €","Pg. de Fabra i Puig, 211, Nou Barris, 08016 Barcelona",Nou Barris,"41.43016642909363, 2.1760456352311257",https://maps.app.goo.gl/ZK1XXYFSvdbawZK56,29/01/24
Livingstone,"2,60 €","Rambla de Fabra i Puig, 68, Sant Andreu, 08030 Barcelona",Sant Andreu,"41.43031962685466, 2.1864179976759495",https://maps.app.goo.gl/wnNfwoShx3fyqbef9,30/01/24
Bar Estrella,"2,20 €","Av. Diagonal, 10, Sant Martí, 08019 Barcelona",Sant Martí,"41.411234085031076, 2.217577353829852",https://maps.app.goo.gl/gUmkB8kjVKup65aR6,31/01/24
Ïbar,"2,00 €","Rambla de Fabra i Puig, 66, Sant Andreu, 08030 Barcelona",Sant Andreu,"41.430295829794495, 2.186486845194863",https://maps.app.goo.gl/upPDU992fgpcmp3n6,2/02/24
Cerveseria El Racó De Sant Andreu,"2,10 €","Avinguda Meridiana, 414, Sant Andreu, 08030 Barcelona",Sant Andreu,"41.432031875538236, 2.1834996627737056",https://maps.app.goo.gl/QanWxykNtTYcTvhB8,2/02/24
Bar Taberneta,"2,20 €","C/ de Felip II, 291, Nou Barris, 08016 Barcelona",Nou Barris,"41.42911214722657, 2.175258458532866",https://maps.app.goo.gl/QanWxykNtTYcTvhB8,3/02/24
Bar Restaurante La Pubilla,"2,45 €","Rambla de Fabra i Puig, 96, Sant Andreu, 08030 Barcelona",Sant Andreu,"41.43028819175985, 2.18534966577336",https://maps.app.goo.gl/aUgzCUVmxyuqR7ux8,4/02/24
Granja Sant Jordi,"2,10 €","Carrer de Martí Molins, 39, Sant Andreu, 08027 Barcelona",Sant Andreu,"41.4237674, 2.1883707",https://maps.app.goo.gl/M7wKhjwrHd7N9pug9,5/02/24
Dragón Via Julia,"2,30 €","Via Júlia, 23, Nou Barris, 08042 Barcelona",Nou Barris,"41.43977197266024, 2.175531445891712",https://maps.app.goo.gl/x7f64iUk8oPKj1Xu7,9/02/24
Tarea Fina,"2,20 €","C. de Floridablanca, 121, L'Eixample, 08011 Barcelona",Eixample,"41.380779742533285, 2.1613385807082697",https://maps.app.goo.gl/pKvQqrEtdm81PgJ36,12/02/24
El rincón de los amigos,"2,20 €","Avinguda Meridiana, 302, Sant Andreu, 08027 Barcelona",Sant Andreu,"41.42323817724328, 2.1872569864284883",https://maps.app.goo.gl/MdJyVN29c9wfmDDz7,13/02/24
El Racó de l'Opa,"2,00 €","Plaça de Maragall, 7, Horta-Guinardó, 08041 Barcelona",Horta-Guinardó,"41.42013332767205, 2.180174830679414",https://maps.app.goo.gl/3hoEhtgqRSmfdBLT9,13/02/24
Woody Bar,"2,95 €","Plaça del Sol, 7, Gràcia, 08012 Barcelona",Gràcia,"41.401764760051606, 2.156990036367222",https://maps.app.goo.gl/51NpTRZysCuYf1sD8,14/02/24
El Raïm,"2,30 €","C/ de Muntaner, 75, L'Eixample, 08011 Barcelona",Eixample,"41.387090343369955, 2.1586013664013137",https://maps.app.goo.gl/ps42azw5RZh61poh6,14/02/24
Frankfurt Can Eusebio,"3,00 €","Av. del Paral·lel, 95, Sants-Montjuïc, 08004 Barcelona",Sants-Montjuïc,"41.374771049203524, 2.164162153061724",https://maps.app.goo.gl/iw8KdMKKXi3kXpBaA,17/02/24
Sagradas Tapas,"2,40 €","Av. de Gaudí, 48, L'Eixample, 08025 Barcelona",Eixample,"41.408518873849374, 2.174510307534942",https://maps.app.goo.gl/5tgoX3dsGfYWFhyN7,18/02/24
Polosko Tapas Bar,"2,10 €","C/ de Vèlia, 32, Nou Barris, 08016 Barcelona",Nou Barris,"41.42998489874995, 2.18095828517571",https://maps.app.goo.gl/VCUG3apsbaBYr4tL6,21/02/24
Bar Gerveseria,"2,40 €","Carrer de la Marina, 261, L'Eixample, 08025 Barcelona, España",Eixample,"41.40473407848793, 2.173974113472083",https://maps.app.goo.gl/Db38KmuK59AmQpJp6,23/02/24
Frankfurt Station,"2,40 €","Carrer de la Creu Coberta, 31, Sants-Montjuïc, 08014 Barcelona, España",Sants-Montjuïc,"41.37504796747977, 2.147203743603055",https://maps.app.goo.gl/vtkFkVo34uUK47Gp8,24/02/24
Bar Restaurante Lepanto,"2,20 €","C/ de Lepant, 293, L'Eixample, 08025 Barcelona, España",Eixample,"41.40557637412023, 2.1749850418989842",https://maps.app.goo.gl/p5nhcx9m5dsZCfod8,25/02/24
Bar Ibles,"2,00 €","Carrer d'Antoni Costa, 24, 26, Nou Barris, 08016 Barcelona",Nou Barris,"41.42978856640363, 2.1818249111360744",https://maps.app.goo.gl/dSPuC9W4BLEWZbrdA,1/03/24
Diamàntic,"2,30 €","Carrèr de Tànger, 54, Sant Martí, 08018 Barcelona",Sant Martí,"41.400517187583006, 2.1904095387753277",https://maps.app.goo.gl/eC4vg5uVvaZrKiVK7,5/03/24
CRIPTOCAFÉ BAR,"2,20 €","C/ d'Hondures, 73, Sant Andreu, 08027 Barcelona",Sant Andreu,"41.421616295954735, 2.1873861272895754",https://maps.app.goo.gl/26vn5b6ijTk97waWA,6/03/24
Bellmore,"2,20 €","Carrer de Juan de Garay, 53, Sant Andreu, 08027 Barcelona",Sant Andreu,"41.41986367340667, 2.183487020989466",https://maps.app.goo.gl/r6a42FmnYdqbnJKu5,7/03/24
Rocktail,"2,20 €","Carrer del Comte d'Urgell, 190, L'Eixample, 08036 Barcelona",Eixample,"41.38784534222763, 2.15127459149067",https://maps.app.goo.gl/PRS5E31xBJukLkes8,8/03/24
Lupara,"3,00 €","Plaça de Santa Caterina, 2, Ciutat Vella, 08003 Barcelona",Ciutat Vella,"41.38543795706633, 2.178607359063933",https://maps.app.goo.gl/KpcF43qXWzoFVTMU9,9/03/24
Cervecería Nuñez,"2,10 €","C/ d'Hondures 69, Sant Andreu, 08027 Barcelona",Sant Andreu,"41.421508467377166, 2.187547550415945",https://maps.app.goo.gl/DrsmJjpnjsXag4Sw8,20/03/24
Restaurante Sol Naciente II,"2,20 €","C/ del Clot, 127, Sant Martí, 08026 Barcelona",Sant Martí,"41.41087407456048, 2.189314861828827",https://maps.app.goo.gl/GdXq64QL8dtkqY4s6,22/03/24
Bar 1978,"2,00 €","C/ d'Aragó, 572, Sant Martí, 08026 Barcelona",Sant Martí,"41.40741349600727, 2.1856139583689926",https://maps.app.goo.gl/B4kfj5XnyzcTkSB87,22/03/24
Bracafè Sant Antoni,"2,95 €","Rda. de Sant Antoni, 52, 56, Ciutat Vella, 08001 Barcelona",Ciutat Vella,"41.38128389549683, 2.163645042476203",https://maps.app.goo.gl/y6oS3ZVFjVfcjUCPA,29/03/24
Titanic Barcelona,"3,50 €","carr. de Muntaner, 34 Bis, L'Eixample, 08011 Barcelona",Eixample,"41.38557956417174, 2.161027740473712",https://maps.app.goo.gl/zKkdXy7HUHNBaqkG7,29/03/24
Scobies Irish Pub,"3,50 €","Ronda de la Univ., 8, L'Eixample, 08007 Barcelona",Eixample,"41.38632984327765, 2.1661181578155615",https://maps.app.goo.gl/rk5DdCGQLYyprYTC9,1/04/24
Bar del Mercat del Clot,"2,50 €","Plaça del Mercat, 25, Sant Martí, 08018 Barcelona",Sant Martí,"41.408006945571806, 2.188772660999988",https://maps.app.goo.gl/tR8J4GKxF58jc7vz7,2/04/24
Ca la Rosa,"2,00 €","C/ de Felip II, 206, Sant Andreu, 08027 Barcelona",Sant Andreu,"41.42651834902185, 2.179274452917286",https://maps.app.goo.gl/wDxL9w5WZyi5tmyQ6,3/04/24
Panabar,"2,00 €","Carrer de Deià, 1, Nou Barris, 08016 Barcelona",Nou Barris,"41.4325017673186, 2.1776774828171765",https://maps.app.goo.gl/aSnfHKATL8emy4g29,11/04/24
Bar Sebas,"2,20 €","C/ d'Alella, 49, Nou Barris, 08016 Barcelona",Nou Barris,"41.43144819381847, 2.176895273143162",https://maps.app.goo.gl/1faFpFBsPTcjeRKQ9,11/04/24
bb+,"3,00 €","C/ de Pere IV, 65, Sant Martí, 08018 Barcelona",Sant Martí,"41.396568123490844, 2.1923899017652846",https://maps.app.goo.gl/MNpvedsasRadnv2i6,12/04/24
Sonora Sport Tavern,"3,00 €","C/ de Pamplona, 96, Sant Martí, 08018 Barcelona",Sant Martí,"41.39788961393264, 2.189971823904678",https://maps.app.goo.gl/WaWUs9w52qH9iEiY6,12/04/24
Sala Taro,"3,50 €","C/ de Rossend Arús, 9, Sants-Montjuïc, 08014 Barcelona",Sants-Montjuïc,"41.37369211586075, 2.1373863075608246",https://maps.app.goo.gl/Mz5iqx9XPcMZMBwb9,17/04/24
Niu : espai artístic contemporani,"2,50 €","C/ dels Almogàvers, 208, Sant Martí, 08018 Barcelona",Sant Martí,"41.40161678190858, 2.1964034093614044",https://maps.app.goo.gl/rL1JTb3RRn15U54G7,18/04/24
Casa Jacinta,"2,20 €","Carrer de Tamarit, 154, L'Eixample, 08015 Barcelona",Eixample,"41.37838461153486, 2.160810249215611",https://maps.app.goo.gl/zxhZrjWPZnNuxTuc8,20/04/24
Bar Cafetería Saviq's,"2,30 €","C/ de Muntaner, 103, L'Eixample, 08036 Barcelona",Eixample,"41.388823735667366, 2.1562481362875845",https://maps.app.goo.gl/J6HNy5XG7L7ejXto7,23/04/24
Sarfraz Kebabish,"2,20 €","C/ d'Aragó, 614, Sant Martí, 08026 Barcelona",Sant Martí,"41.409627837645736, 2.1886519664530404",https://maps.app.goo.gl/V6orGgxFChwmQKtMA,24/04/24
CA LA LOLI 2,"2,30 €","Avinguda Meridiana, 220, Sant Andreu, 08027 Barcelona",Sant Andreu,"41.41606420167088, 2.187214379306511",https://maps.app.goo.gl/KZhuDX2iHQSnqKs49,25/04/24
Lilith & Sons,"4,00 €","C. d'En Fontrodona, 23, Sants-Montjuïc, 08004 Barcelona",Sants-Montjuïc,"41.37310406553604, 2.1670828335048364",https://maps.app.goo.gl/BVsXvvcXKPge32Hd7,29/04/24
RADIO NOSSA,"3,50 €","Carrer del Roser, 3, Sants-Montjuïc, 08004 Barcelona",Sants-Montjuïc,"41.374347541706804, 2.167415872281784",https://maps.app.goo.gl/bc9BmRnVSA8qZZh57,29/04/24
Mr White Cocktail Bar,"4,00 €","Carrer de Manso, 22, L'Eixample, 08015 Barcelona",Eixample,"41.37622203018065, 2.1601804600990824",https://maps.app.goo.gl/EZv27gZzR7LW7piBA,29/04/24
Restaurant Amigó Sant Antoni,"3,15 €","Carrer de Tamarit, 181, L'Eixample, 08011 Barcelona",Eixample,"41.3793935577922, 2.161777698068039",https://maps.app.goo.gl/upUUQUsJMGnuYgTu7,2/05/24
Bar Estudiantil,"3,00 €","Gran Via de les Corts Catalanes, 592, L'Eixample, 08007 Barcelona",Eixample,"41.38629424331948, 2.1645686655941936",https://maps.app.goo.gl/kUsjnB6SWE3foXka6,4/05/24
La Barmutería,"2,80 €","Rda. de Sant Pau, 37, Eixample, 08015 Barcelona",Eixample,"41.37654438735631, 2.1656022168601727",https://maps.app.goo.gl/X1pa2JWnMrFLdkFP9,17/05/24
L'Empanat,"2,20 €","Carrer de Monlau, 60, Sant Andreu, 08027 Barcelona",Sant Andreu,"41.424954225924125, 2.190465180121961",https://maps.app.goo.gl/e1a3bSpZBxymHXaNA,17/05/24
Racó Art del Teatre,"2,70 €","Av. del Paral·lel, 38, Ciutat Vella, 08001 Barcelona",Ciutat Vella,"41.37502697329077, 2.172646754577266",https://maps.app.goo.gl/3tqujzsNnExPwPHG8,17/05/24
Star-bar,"2,10 €","Carrer de Ramon Albó, 72-74, Sant Andreu, 08027 Barcelona",Sant Andreu,"41.42673758376823, 2.1774173193179496",https://maps.app.goo.gl/QcGV1U5gPmmGG3HLA,23/05/24
Cuba De Janeiro,"2,50 €","Av. de Mistral, 33, L'Eixample, 08015 Barcelona",Eixample,"41.37660449883098, 2.157095301532445",https://maps.app.goo.gl/axPskbAAUyncoDgV7,24/05/24
Madame Jasmine,"2,75 €","Rambla del Raval, 22, Ciutat Vella, 08001 Barcelona",Ciutat Vella,"41.37800120586346, 2.1696908285440615",https://maps.app.goo.gl/bSh8BQMgQztYKvrC8,25/05/24
Istambul Kebab,"2,00 €","Rambla del Raval, 20, Ciutat Vella, 08001 Barcelona",Ciutat Vella,"41.37811341019837, 2.1695627530637047",https://maps.app.goo.gl/HZWvSz2Hs4khhFTVA,25/05/24
Casa CINCA,"2,00 €","Carrer del Cinca, 23, Sant Andreu, 08030 Barcelona",Sant Andreu,"41.43782999326304, 2.1920163171794034",https://www.google.com/maps/place/Casa+CINCA/data=!4m2!3m1!19sChIJ___P_9y8pBIRC8r1n7uJHY4,25/05/24
Sta. Madrona,"2,20 €","Plaça de Santa Madrona, 2",Sants-Montjuïc,"41.373441817379465, 2.1563896873683865",https://maps.app.goo.gl/Tr3y12K2TXoTxJwD8,14/06/24
Maryvic,"2,10 €","Plaça dels Jardins d'Elx, 6, Sant Andreu, 08027 Barcelona",Sant Andreu,"41.42328628666958, 2.1884453003627358",https://maps.app.goo.gl/6UffJUpKShQczcpv9,15/06/24
El Racó de Montjuïc,"2,50 €","Carrer de la Font Honrada, 49, Sants-Montjuïc, 08004 Barcelona",Sants-Montjuïc,"41.37234998779161, 2.156053121865185",https://maps.app.goo.gl/UUdvhzSYcywLonTj9,15/06/24
La Cobra,"3,00 €","C/ de Joaquín Costa, 47, bajos, Ciutat Vella, 08001 Barcelona",Ciutat Vella,"41.38294863131283, 2.1652924199786674",https://maps.app.goo.gl/LgcbVN3zSdSbEJgf9,20/06/24
Libertine Cocktail Bar at Casa Bonay,"4,00 €","Gran Via de les Corts Catalanes, 700, L'Eixample, 08010 Barcelona",Eixample,"41.39363920794346, 2.174324880883583","https://www.google.com/maps/search/Libertine/@41.39357376098633,2.17429518699646,17z?hl=es",24/06/24
Sports Bar Italian Food,"3,00 €","Av. Diagonal, 123, Sant Martí, 08018 Barcelona",Sant Martí,"41.406742128359966, 2.2016598733334223",https://maps.app.goo.gl/C9x5MYksP467nkmM7,26/06/24
Bar Restaurant L'Illa del Mar,"2,50 €","Av. Diagonal, 12, 16, Sant Martí, 08019 Barcelona",Sant Martí,"41.410819989569795, 2.2158731540256125",https://maps.app.goo.gl/KtM5HEzCwH41KW6L6,26/06/24
BAR TAPAS 23,"2,10 €","Carrer de Joan Torras, 30, Sant Andreu, 08030 Barcelona",Sant Andreu,"41.437656211447866, 2.1924420736224084",https://maps.app.goo.gl/HP5fstkFVx3oJfji6,29/06/24
PETITA LLUM Café&Bar,"2,30 €","Av. del Bogatell, 65, local, Sant Martí, 08005 Barcelona",Sant Martí,"41.39266024255506, 2.191322493601034",https://maps.app.goo.gl/KWNLu3ntw1YSc84z5,3/04/25
Polosko Tapas Bar,"2,30 €","Carrer de Vèlia, 32, Nou Barris, 08016 Barcelona",Nou Barris,"41.42984843983926, 2.180947949027388",https://maps.app.goo.gl/yrpcMiXN8zNEzdVRA,4/04/25
Cafetería Facultad de FiQ,"1,73 €","Carrer de Martí i Franquès, 1, Les Corts, 08028 Barcelona",Les Corts,"41.38455563308421, 2.1168444221682354",https://maps.app.goo.gl/smGJNy1zJn7YB6XSA,26/04/25
Clau Bar,"2,30 €",,Eixample,"41.377604, 2.153050",https://maps.app.goo.gl/owGpgUFQATPBv3gw8,2/07/25
Bar Can Toni,"2,50 €",,Eixample,"41.3779492777594, 2.1557007438049025",https://maps.app.goo.gl/9csCS3fEX6wvTtqeA,2/07/25
La Granjeta,"2,30 €",,Sant Martí,"41.4078293, 2.1885578",https://maps.app.goo.gl/JsZMM4gdVL88Cnr59,5/07/25
Bar Urquinaona,"2,80 €",,Eixample,"41.38919911012027, 2.173888374486536",https://maps.app.goo.gl/SE39uYp2KGSEzzMQ8,7/07/25
Bar Onagus,"3,00 €",,Eixample,"41.38068908827484, 2.1714526422723317",https://maps.app.goo.gl/842es3qad4Q37QVe8,7/07/25
Bar Veni,"3,40 €",,Ciutat Vella,"41.3849322, 2.1667726",https://maps.app.goo.gl/AjXGhLNwV6SML8fb9?g_st=ipc,8/07/25
Breik,"2,80 €",,Ciutat Vella,"41.3850884, 2.1661054",https://maps.app.goo.gl/fq7NU3ekqbnv8TQa6?g_st=ipc,8/07/25
Santa Vegana,"3,90 €",,Ciutat Vella,"41.3803236, 2.1770807",https://maps.app.goo.gl/zCcJvQo4Dka928eP7?g_st=ipc,9/07/25
Navia,"3,15 €",,Ciutat Vella,"41.3846701, 2.1847588",https://maps.app.goo.gl/mVF7GZBEtzq7qCeq7?g_st=ipc,16/07/25
Vins PER TU,"2,80 €",,Sant Martí,"41.40738530523843, 2.187897193164582",https://maps.app.goo.gl/ofLhPX8SD7jn8Wqi6,18/07/25
The Moon,"4,00 €",,Eixample,"41.3835927, 2.1591534",https://maps.app.goo.gl/FLXr87dqZeRuUiUs5,18/07/25
Preet Tandori,"2,50 €",,Ciutat Vella,"41.37851973428091, 2.171562257068354",https://maps.app.goo.gl/mmxnAqCff7GWN9GbA,18/07/25
Terra Mar,"2,40 €",,Sant Martí,"41.397093026376574, 2.201813520378062",https://maps.app.goo.gl/957TuTRdLaNqN8s76,18/07/25
El Petit Brunch,"2,40 €",,Sant Andreu,"41.43407433162625, 2.189253029753489",https://maps.app.goo.gl/w1vs8FaL2S4bvfPV7,18/07/25
Bodega Casas,"2,50 €",,Gràcia,"41.40841108454631, 2.1598342373248305",https://maps.app.goo.gl/KGf4BYq6o6XhKqGC7,18/07/25
Bar Palxoca,"2,40 €",,Sant Andreu,"41.4329510, 2.1857918",https://maps.app.goo.gl/5kUE4drFwkoLp2F78,23/07/25
Mescladis,"2,50 €",,Ciutat Vella,"41.38742822405244, 2.1802920846583715",https://maps.app.goo.gl/twqWWoCEjAdFFyKJ6?g_st=ipc,23/07/25
Pico Fino,"2,50 €",,Sant Andreu,"41.42551406943567, 2.188341075637369",https://maps.app.goo.gl/HSiKHe9tcxv34rea7,24/07/25
Priscilla Cafè,"3,50 €",,Eixample,"41.387679513640734, 2.1609206414915123",https://maps.app.goo.gl/eWkwxQZdsyRM4rpq5,27/07/25
Henry's Bar,"3,00 €",,Sant Martí,"41.40276087581962, 2.1970035491753745",https://maps.app.goo.gl/oV5wa7ZCuKx4sQsQA,27/07/25
Bar Filmax,"2,50 €",,Ciutat Vella,"41.37905377644506, 2.171234952827559",https://maps.app.goo.gl/x3ZACbT3TpMmiS2V6?g_st=ipc,28/07/25
NEXT LEVEL Arcade Bar,"4,00 €",,Horta-Guinardó,"41.420345194139564, 2.1802367796445576",https://maps.app.goo.gl/zhaWRGXfEmAwku9S9,1/08/25
Bar Neptuno Cerveceria,"2,30 €",,Sant Andreu,"41.42134822435651, 2.180078304902375",https://maps.app.goo.gl/UMYcTRJSCHsZQ5ATA,1/08/25
Alquimia Barcelona,"3,50 €",,Eixample,"41.389400922570054, 2.1578379655778788",https://maps.app.goo.gl/a4v8effteG6uhK5r5,10/08/25
La Taberna del Espit BCN,"3,00 €",,Eixample,"41.389446163537215, 2.1577442959318036",https://maps.app.goo.gl/EYtysgfRPUJpr33t6,10/08/25
La Taska Show Bar,"3,20 €",,Eixample,"41.391914073949124, 2.1503336600299194",https://maps.app.goo.gl/zerAzbsr92ciegtC9,10/08/25
Cerveseria Universitat,"2,90 €",,Eixample,"41.38621714871622, 2.164671889588128",https://maps.app.goo.gl/qasZgm8WTw6KbkJS9,10/08/25
Candy Darling,"3,50 €",,Eixample,"41.3850660, 2.1629340",https://maps.app.goo.gl/JbQfPSSTsMtztknH8,10/08/25
Nou Racó 169,"3,00 €",,Eixample,"41.391807725960426, 2.1501417595533496",https://maps.app.goo.gl/JZuGCQhp2t9GYyCT6,10/08/25
Bar XIKI,"3,00 €",,Ciutat Vella,"41.38370375500153, 2.183709671776288",https://maps.app.goo.gl/u4DHMVruf38Dyeuv5,28/08/25
MINI BAR,"2,40 €",,Eixample,"41.38304241775819, 2.159306754853844",https://maps.app.goo.gl/rWCTRtJ2aTwyB6L49,28/08/25
Narciso,"3,70 €",,Ciutat Vella,"41.38457586783861, 2.1793920901793804",https://maps.app.goo.gl/W72tcsxcGaYmyVA88,28/08/25
La Mansión,"3,00 €",,Sants-Montjuïc,"41.3792225, 2.1380958",https://maps.app.goo.gl/QcZfE7zpPGsbkegF9,29/08/25
AK Bar,"3,20 €",,Sant Martí,"41.40799446310004, 2.1862086821619613",https://maps.app.goo.gl/6KFgcPy1XeCugDKm8,31/08/25
Restaurant Sol,"2,40 €",,Sant Martí,"41.41087498423162, 2.1892602920144895",https://maps.app.goo.gl/GdXq64QL8dtkqY4s6,31/08/25
